{"id":"A6B7CDD0-8AA9-4E02-B15B-EF06FDB2C571","validationEntity":{"analysedDataType":"auto","dataResult":{"createdDate":"2021-12-20T10:11:18Z"}},"modelEntity":{"createdDate":"2021-12-20T10:11:18Z","id":"9C8E3E90-AEBB-41BB-BEBA-728B9C222886","experimentID":"A6B7CDD0-8AA9-4E02-B15B-EF06FDB2C571","title":"","modifiedDate":"2021-12-20T10:11:18Z","preferredFilename":"","version":"1.0","modelURL":"Models\/SpeciesClassificationApp%201.mlmodel"},"version":"1.0","settingEntity":{"taskType":"imageClassifier","augmentations":[],"styleTransferAlgorithmType":"image","iterationCount":25,"transferLearningEmbeddingType":"dynamic","harVideoAugmentations":0,"handPoseClassifierAugmentations":[],"algorithmType":"maxEnt","handActionClassifierAugmentations":[],"seedType":"default","featureNames":[]},"state":"trained","trainingEntity":{"finishTime":"2021-12-20T10:11:55Z","recipeTrainingResults":{"imageClassifier":{"confusionMatrix":[{"expected":"Bird","actual":"Bird","count":27},{"expected":"Cat","actual":"Cat","count":26},{"expected":"Chicken","actual":"Chicken","count":30},{"expected":"Cow","actual":"Cow","count":28},{"expected":"Dog","actual":"Dog","count":27},{"expected":"Elephant","actual":"Elephant","count":27},{"expected":"Fish","actual":"Fish","count":29},{"expected":"Goat","actual":"Goat","count":28},{"expected":"Horse","actual":"Horse","count":28},{"expected":"Human","actual":"Human","count":25},{"expected":"Lion","actual":"Lion","count":28},{"expected":"Monkey","actual":"Monkey","count":27},{"expected":"Mouse","actual":"Mouse","count":28},{"expected":"Ox","actual":"Ox","count":30},{"expected":"Pig","actual":"Pig","count":31},{"expected":"Rabbit","actual":"Rabbit","count":29},{"expected":"Snake","actual":"Snake","count":29}],"statsByLabel":{"Cow":{"count":28,"precisionRecall":{"success":{"recall":1,"precision":1}}},"Human":{"count":25,"precisionRecall":{"success":{"recall":1,"precision":1}}},"Bird":{"count":27,"precisionRecall":{"success":{"recall":1,"precision":1}}},"Goat":{"count":28,"precisionRecall":{"success":{"recall":1,"precision":1}}},"Monkey":{"count":27,"precisionRecall":{"success":{"recall":1,"precision":1}}},"Elephant":{"count":27,"precisionRecall":{"success":{"recall":1,"precision":1}}},"Horse":{"count":28,"precisionRecall":{"success":{"recall":1,"precision":1}}},"Fish":{"count":29,"precisionRecall":{"success":{"recall":1,"precision":1}}},"Chicken":{"count":30,"precisionRecall":{"success":{"recall":1,"precision":1}}},"Snake":{"count":29,"precisionRecall":{"success":{"recall":1,"precision":1}}},"Pig":{"count":31,"precisionRecall":{"success":{"recall":1,"precision":1}}},"Ox":{"count":30,"precisionRecall":{"success":{"recall":1,"precision":1}}},"Lion":{"count":28,"precisionRecall":{"success":{"recall":1,"precision":1}}},"Cat":{"count":26,"precisionRecall":{"success":{"recall":1,"precision":1}}},"Rabbit":{"count":29,"precisionRecall":{"success":{"recall":1,"precision":1}}},"Dog":{"count":27,"precisionRecall":{"success":{"recall":1,"precision":1}}},"Mouse":{"count":28,"precisionRecall":{"success":{"recall":1,"precision":1}}}},"accuracy":1}},"dataResult":{"itemsCount":510,"createdDate":"2021-12-20T10:11:18Z","dataURL":"file:\/\/\/Users\/marlin\/Desktop\/Training%20Data\/","dataSourceID":"009A825E-A2AD-4DAF-A8A7-7EFE26713B35","classesCount":17,"analysis":{"summary":{"sampleCount":510,"classCount":17,"canUseValidation":1},"issues":[{"description":"17 classes found, including Pig, Goat, Ox","severity":"debug"},{"description":"510 images found, automatically creating validation set","severity":"good"},{"description":"Smallest class is \"Monkey\" with 29 images","severity":"debug"},{"description":"Largest class is \"Pig\" with 31 images","severity":"debug"}],"classifierAnalysis":{"labelStats":{"Cow":30,"Human":30,"Bird":30,"Goat":30,"Monkey":29,"Elephant":30,"Horse":30,"Fish":30,"Chicken":30,"Snake":30,"Mouse":30,"Ox":30,"Lion":30,"Cat":30,"Rabbit":30,"Dog":30,"Pig":31}}}},"dataURL":"file:\/\/\/Users\/marlin\/Desktop\/Training%20Data\/","featureExtractionCheckpointMayBeAvailable":false,"recipeValidationResults":{"imageClassifier":{"confusionMatrix":[{"expected":"Bird","actual":"Bird","count":3},{"expected":"Cat","actual":"Cat","count":4},{"expected":"Cow","actual":"Cow","count":1},{"expected":"Ox","actual":"Cow","count":1},{"expected":"Cow","actual":"Dog","count":1},{"expected":"Dog","actual":"Dog","count":1},{"expected":"Human","actual":"Dog","count":1},{"expected":"Elephant","actual":"Elephant","count":2},{"expected":"Monkey","actual":"Elephant","count":1},{"expected":"Fish","actual":"Fish","count":1},{"expected":"Goat","actual":"Goat","count":2},{"expected":"Horse","actual":"Horse","count":2},{"expected":"Human","actual":"Human","count":5},{"expected":"Lion","actual":"Lion","count":2},{"expected":"Monkey","actual":"Monkey","count":2},{"expected":"Mouse","actual":"Mouse","count":2},{"expected":"Rabbit","actual":"Rabbit","count":1},{"expected":"Snake","actual":"Snake","count":1}],"statsByLabel":{"Human":{"count":5,"precisionRecall":{"success":{"recall":1,"precision":0.83333333333333337}}},"Bird":{"count":3,"precisionRecall":{"success":{"recall":1,"precision":1}}},"Goat":{"count":2,"precisionRecall":{"success":{"recall":1,"precision":1}}},"Monkey":{"count":2,"precisionRecall":{"success":{"recall":1,"precision":0.66666666666666663}}},"Elephant":{"count":3,"precisionRecall":{"success":{"recall":0.66666666666666663,"precision":1}}},"Horse":{"count":2,"precisionRecall":{"success":{"recall":1,"precision":1}}},"Fish":{"count":1,"precisionRecall":{"success":{"recall":1,"precision":1}}},"Snake":{"count":1,"precisionRecall":{"success":{"recall":1,"precision":1}}},"Mouse":{"count":2,"precisionRecall":{"success":{"recall":1,"precision":1}}},"Lion":{"count":2,"precisionRecall":{"success":{"recall":1,"precision":1}}},"Ox":{"count":0,"precisionRecall":{"success":{"recall":0,"precision":0}}},"Cat":{"count":4,"precisionRecall":{"success":{"recall":1,"precision":1}}},"Rabbit":{"count":1,"precisionRecall":{"success":{"recall":1,"precision":1}}},"Dog":{"count":3,"precisionRecall":{"success":{"recall":0.33333333333333331,"precision":1}}},"Cow":{"count":2,"precisionRecall":{"success":{"recall":0.5,"precision":0.5}}}},"accuracy":0.87878787878787878}},"progress":[{"currentRowIndex":0,"tableIndex":0,"count":0,"isLast":false,"percentComplete":0,"tableDone":false},{"icTrainingColumnHeader":{"hasValidation":true,"elapsedTime":1.030653,"trainingAccuracy":0.77568099999999995,"iterationCount":1,"validationAccuracy":0.63636400000000004},"isLast":false,"currentRowIndex":0,"count":1,"tableDone":false,"tableIndex":51,"percentComplete":0},{"icTrainingColumnHeader":{"hasValidation":true,"elapsedTime":1.109229,"trainingAccuracy":0.87211700000000003,"iterationCount":2,"validationAccuracy":0.75757600000000003},"isLast":false,"currentRowIndex":0,"count":2,"tableDone":false,"tableIndex":51,"percentComplete":0},{"icTrainingColumnHeader":{"hasValidation":true,"elapsedTime":1.1750370000000001,"trainingAccuracy":0.89308200000000004,"iterationCount":3,"validationAccuracy":0.81818199999999996},"isLast":false,"currentRowIndex":0,"count":3,"tableDone":false,"tableIndex":51,"percentComplete":0},{"icTrainingColumnHeader":{"hasValidation":true,"elapsedTime":1.2176260000000001,"trainingAccuracy":0.89727500000000004,"iterationCount":4,"validationAccuracy":0.81818199999999996},"isLast":false,"currentRowIndex":0,"count":4,"tableDone":false,"tableIndex":51,"percentComplete":0},{"icTrainingColumnHeader":{"hasValidation":true,"elapsedTime":1.2619039999999999,"trainingAccuracy":0.92243200000000003,"iterationCount":5,"validationAccuracy":0.84848500000000004},"isLast":false,"currentRowIndex":0,"count":5,"tableDone":false,"tableIndex":51,"percentComplete":0},{"icTrainingColumnHeader":{"hasValidation":true,"elapsedTime":1.52658,"trainingAccuracy":0.99790400000000001,"iterationCount":10,"validationAccuracy":0.84848500000000004},"isLast":false,"currentRowIndex":0,"count":10,"tableDone":false,"tableIndex":51,"percentComplete":0},{"currentRowIndex":0,"tableIndex":0,"count":20,"isLast":false,"percentComplete":0,"tableDone":false},{"icTrainingColumnHeader":{"hasValidation":true,"elapsedTime":2.117518,"trainingAccuracy":1,"iterationCount":24,"validationAccuracy":0.87878800000000001},"isLast":false,"currentRowIndex":0,"count":24,"tableDone":true,"tableIndex":51,"percentComplete":0},{"currentRowIndex":0,"tableIndex":0,"count":30,"isLast":false,"percentComplete":0,"tableDone":false},{"currentRowIndex":0,"tableIndex":0,"count":40,"isLast":false,"percentComplete":0,"tableDone":false},{"currentRowIndex":0,"tableIndex":0,"count":50,"isLast":false,"percentComplete":0,"tableDone":false},{"currentRowIndex":0,"tableIndex":0,"count":60,"isLast":false,"percentComplete":0,"tableDone":false},{"currentRowIndex":0,"tableIndex":0,"count":70,"isLast":false,"percentComplete":0,"tableDone":false},{"currentRowIndex":0,"tableIndex":0,"count":80,"isLast":false,"percentComplete":0,"tableDone":false},{"currentRowIndex":0,"tableIndex":0,"count":90,"isLast":false,"percentComplete":0,"tableDone":false},{"currentRowIndex":0,"tableIndex":0,"count":100,"isLast":false,"percentComplete":0,"tableDone":false},{"currentRowIndex":0,"tableIndex":0,"count":110,"isLast":false,"percentComplete":0,"tableDone":false},{"currentRowIndex":0,"tableIndex":0,"count":120,"isLast":false,"percentComplete":0,"tableDone":false},{"currentRowIndex":0,"tableIndex":0,"count":130,"isLast":false,"percentComplete":0,"tableDone":false},{"currentRowIndex":0,"tableIndex":0,"count":140,"isLast":false,"percentComplete":0,"tableDone":false},{"currentRowIndex":0,"tableIndex":0,"count":150,"isLast":false,"percentComplete":0,"tableDone":false},{"currentRowIndex":0,"tableIndex":0,"count":160,"isLast":false,"percentComplete":0,"tableDone":false},{"currentRowIndex":0,"tableIndex":0,"count":170,"isLast":false,"percentComplete":0,"tableDone":false},{"currentRowIndex":0,"tableIndex":0,"count":180,"isLast":false,"percentComplete":0,"tableDone":false},{"currentRowIndex":0,"tableIndex":0,"count":190,"isLast":false,"percentComplete":0,"tableDone":false},{"currentRowIndex":0,"tableIndex":0,"count":200,"isLast":false,"percentComplete":0,"tableDone":false},{"currentRowIndex":0,"tableIndex":0,"count":210,"isLast":false,"percentComplete":0,"tableDone":false},{"currentRowIndex":0,"tableIndex":0,"count":220,"isLast":false,"percentComplete":0,"tableDone":false},{"currentRowIndex":0,"tableIndex":0,"count":230,"isLast":false,"percentComplete":0,"tableDone":false},{"currentRowIndex":0,"tableIndex":0,"count":240,"isLast":false,"percentComplete":0,"tableDone":false},{"currentRowIndex":0,"tableIndex":0,"count":250,"isLast":false,"percentComplete":0,"tableDone":false},{"currentRowIndex":0,"tableIndex":0,"count":260,"isLast":false,"percentComplete":0,"tableDone":false},{"currentRowIndex":0,"tableIndex":0,"count":270,"isLast":false,"percentComplete":0,"tableDone":false},{"currentRowIndex":0,"tableIndex":0,"count":280,"isLast":false,"percentComplete":0,"tableDone":false},{"currentRowIndex":0,"tableIndex":0,"count":290,"isLast":false,"percentComplete":0,"tableDone":false},{"currentRowIndex":0,"tableIndex":0,"count":300,"isLast":false,"percentComplete":0,"tableDone":false},{"currentRowIndex":0,"tableIndex":0,"count":310,"isLast":false,"percentComplete":0,"tableDone":false},{"currentRowIndex":0,"tableIndex":0,"count":320,"isLast":false,"percentComplete":0,"tableDone":false},{"currentRowIndex":0,"tableIndex":0,"count":330,"isLast":false,"percentComplete":0,"tableDone":false},{"currentRowIndex":0,"tableIndex":0,"count":340,"isLast":false,"percentComplete":0,"tableDone":false},{"currentRowIndex":0,"tableIndex":0,"count":350,"isLast":false,"percentComplete":0,"tableDone":false},{"currentRowIndex":0,"tableIndex":0,"count":360,"isLast":false,"percentComplete":0,"tableDone":false},{"currentRowIndex":0,"tableIndex":0,"count":370,"isLast":false,"percentComplete":0,"tableDone":false},{"currentRowIndex":0,"tableIndex":0,"count":380,"isLast":false,"percentComplete":0,"tableDone":false},{"currentRowIndex":0,"tableIndex":0,"count":390,"isLast":false,"percentComplete":0,"tableDone":false},{"currentRowIndex":0,"tableIndex":0,"count":400,"isLast":false,"percentComplete":0,"tableDone":false},{"currentRowIndex":0,"tableIndex":0,"count":410,"isLast":false,"percentComplete":0,"tableDone":false},{"currentRowIndex":0,"tableIndex":0,"count":420,"isLast":false,"percentComplete":0,"tableDone":false},{"currentRowIndex":0,"tableIndex":0,"count":430,"isLast":false,"percentComplete":0,"tableDone":false},{"currentRowIndex":0,"tableIndex":0,"count":440,"isLast":false,"percentComplete":0,"tableDone":false},{"currentRowIndex":0,"tableIndex":0,"count":450,"isLast":false,"percentComplete":0,"tableDone":false},{"currentRowIndex":0,"tableIndex":0,"count":460,"isLast":false,"percentComplete":0,"tableDone":false},{"currentRowIndex":0,"tableIndex":0,"count":470,"isLast":false,"percentComplete":0,"tableDone":false},{"currentRowIndex":0,"tableIndex":0,"count":480,"isLast":false,"percentComplete":0,"tableDone":false},{"currentRowIndex":0,"tableIndex":0,"count":490,"isLast":false,"percentComplete":0,"tableDone":false},{"currentRowIndex":0,"tableIndex":0,"count":500,"isLast":false,"percentComplete":0,"tableDone":false},{"currentRowIndex":0,"tableIndex":0,"count":510,"isLast":false,"percentComplete":0,"tableDone":true}],"trainingAccuracy":1,"checkpointMetrics":{},"analysedDataType":"datasource","dataSourceID":"009A825E-A2AD-4DAF-A8A7-7EFE26713B35","snapshottableCheckpoints":{},"validationAccuracy":0.87878787878787878,"startTime":"2021-12-20T10:11:31Z"},"createdDate":"2021-12-20T10:11:18Z","evaluationContainerEntity":{"testingEvaluationEntity":{"result":{"imageClassifier":{"statsByLabel":{"Cow":{"count":5,"precisionRecall":{"success":{"recall":0.80000000000000004,"precision":0.80000000000000004}}},"Human":{"count":5,"precisionRecall":{"success":{"recall":1,"precision":1}}},"Bird":{"count":5,"precisionRecall":{"success":{"recall":1,"precision":0.7142857142857143}}},"Goat":{"count":5,"precisionRecall":{"success":{"recall":1,"precision":0.83333333333333337}}},"Monkey":{"count":5,"precisionRecall":{"success":{"recall":1,"precision":1}}},"Elephant":{"count":5,"precisionRecall":{"success":{"recall":1,"precision":1}}},"Horse":{"count":5,"precisionRecall":{"success":{"recall":1,"precision":1}}},"Fish":{"count":5,"precisionRecall":{"success":{"recall":1,"precision":1}}},"Chicken":{"count":5,"precisionRecall":{"success":{"recall":0.80000000000000004,"precision":0.80000000000000004}}},"Snake":{"count":5,"precisionRecall":{"success":{"recall":1,"precision":1}}},"Mouse":{"count":5,"precisionRecall":{"success":{"recall":1,"precision":0.83333333333333337}}},"Lion":{"count":5,"precisionRecall":{"success":{"recall":1,"precision":0.83333333333333337}}},"Ox":{"count":5,"precisionRecall":{"success":{"recall":1,"precision":0.83333333333333337}}},"Cat":{"count":5,"precisionRecall":{"success":{"recall":0.40000000000000002,"precision":1}}},"Pig":{"count":5,"precisionRecall":{"success":{"recall":0.59999999999999998,"precision":1}}},"Dog":{"count":5,"precisionRecall":{"success":{"recall":0.80000000000000004,"precision":1}}},"Rabbit":{"count":5,"precisionRecall":{"success":{"recall":1,"precision":1}}}},"accuracy":0.90588235294117647}},"createdDate":"2021-12-20T10:11:29Z","id":"6f1c14bc-fa54-4456-af59-4746894bbf8a","dataURL":"file:\/\/\/Users\/marlin\/Desktop\/Testing%20Data\/","dataSourceID":"3E22ECDE-5B50-4107-864D-F7AC52516867","dataResult":{"itemsCount":85,"createdDate":"2021-12-20T10:11:29Z","dataURL":"file:\/\/\/Users\/marlin\/Desktop\/Testing%20Data\/","dataSourceID":"3E22ECDE-5B50-4107-864D-F7AC52516867","classesCount":17,"analysis":{"summary":{"canUseValidation":1,"classCount":17,"sampleCount":85},"issues":[{"description":"17 classes found, including Cow, Cat, Goat","severity":"debug"},{"description":"85 images found, automatically creating validation set","severity":"good"},{"description":"Smallest class is \"Chicken\" with 5 images","severity":"debug"},{"description":"Largest class is \"Cow\" with 5 images","severity":"debug"}],"classifierAnalysis":{"labelStats":{"Cow":5,"Human":5,"Bird":5,"Goat":5,"Monkey":5,"Elephant":5,"Horse":5,"Fish":5,"Chicken":5,"Snake":5,"Mouse":5,"Ox":5,"Lion":5,"Cat":5,"Pig":5,"Dog":5,"Rabbit":5}}}},"analysedDataType":"datasource","accuracy":0.90588235294117647,"startTime":"2021-12-20T10:11:57Z","finishTime":"2021-12-20T10:12:00Z"},"createdDate":"2021-12-20T10:12:00Z","id":"46d68a95-f738-49a0-8373-2b6caa83726d","trainingEvaluationEntity":{"result":{"imageClassifier":{"confusionMatrix":[{"expected":"Bird","actual":"Bird","count":27},{"expected":"Cat","actual":"Cat","count":26},{"expected":"Chicken","actual":"Chicken","count":30},{"expected":"Cow","actual":"Cow","count":28},{"expected":"Dog","actual":"Dog","count":27},{"expected":"Elephant","actual":"Elephant","count":27},{"expected":"Fish","actual":"Fish","count":29},{"expected":"Goat","actual":"Goat","count":28},{"expected":"Horse","actual":"Horse","count":28},{"expected":"Human","actual":"Human","count":25},{"expected":"Lion","actual":"Lion","count":28},{"expected":"Monkey","actual":"Monkey","count":27},{"expected":"Mouse","actual":"Mouse","count":28},{"expected":"Ox","actual":"Ox","count":30},{"expected":"Pig","actual":"Pig","count":31},{"expected":"Rabbit","actual":"Rabbit","count":29},{"expected":"Snake","actual":"Snake","count":29}],"statsByLabel":{"Cow":{"count":28,"precisionRecall":{"success":{"recall":1,"precision":1}}},"Human":{"count":25,"precisionRecall":{"success":{"recall":1,"precision":1}}},"Bird":{"count":27,"precisionRecall":{"success":{"recall":1,"precision":1}}},"Goat":{"count":28,"precisionRecall":{"success":{"recall":1,"precision":1}}},"Monkey":{"count":27,"precisionRecall":{"success":{"recall":1,"precision":1}}},"Elephant":{"count":27,"precisionRecall":{"success":{"recall":1,"precision":1}}},"Horse":{"count":28,"precisionRecall":{"success":{"recall":1,"precision":1}}},"Fish":{"count":29,"precisionRecall":{"success":{"recall":1,"precision":1}}},"Chicken":{"count":30,"precisionRecall":{"success":{"recall":1,"precision":1}}},"Snake":{"count":29,"precisionRecall":{"success":{"recall":1,"precision":1}}},"Pig":{"count":31,"precisionRecall":{"success":{"recall":1,"precision":1}}},"Ox":{"count":30,"precisionRecall":{"success":{"recall":1,"precision":1}}},"Lion":{"count":28,"precisionRecall":{"success":{"recall":1,"precision":1}}},"Cat":{"count":26,"precisionRecall":{"success":{"recall":1,"precision":1}}},"Rabbit":{"count":29,"precisionRecall":{"success":{"recall":1,"precision":1}}},"Dog":{"count":27,"precisionRecall":{"success":{"recall":1,"precision":1}}},"Mouse":{"count":28,"precisionRecall":{"success":{"recall":1,"precision":1}}}},"accuracy":1}},"createdDate":"2021-12-20T10:11:18Z","id":"9a83d3f1-7b88-4a89-ae96-caf2a4a0fc6a","dataURL":"file:\/\/\/Users\/marlin\/Desktop\/Training%20Data\/","dataSourceID":"009A825E-A2AD-4DAF-A8A7-7EFE26713B35","dataResult":{"itemsCount":510,"createdDate":"2021-12-20T10:11:18Z","dataURL":"file:\/\/\/Users\/marlin\/Desktop\/Training%20Data\/","dataSourceID":"009A825E-A2AD-4DAF-A8A7-7EFE26713B35","classesCount":17,"analysis":{"summary":{"canUseValidation":1,"classCount":17,"sampleCount":510},"issues":[{"description":"17 classes found, including Pig, Goat, Ox","severity":"debug"},{"description":"510 images found, automatically creating validation set","severity":"good"},{"description":"Smallest class is \"Monkey\" with 29 images","severity":"debug"},{"description":"Largest class is \"Pig\" with 31 images","severity":"debug"}],"classifierAnalysis":{"labelStats":{"Cow":30,"Human":30,"Bird":30,"Goat":30,"Monkey":29,"Elephant":30,"Horse":30,"Fish":30,"Chicken":30,"Snake":30,"Mouse":30,"Ox":30,"Lion":30,"Cat":30,"Rabbit":30,"Dog":30,"Pig":31}}}},"analysedDataType":"none"},"previewType":"imageClassifier","modifiedDate":"2021-12-20T10:12:00Z","validationEvaluationEntity":{"result":{"imageClassifier":{"confusionMatrix":[{"expected":"Bird","actual":"Bird","count":3},{"expected":"Cat","actual":"Cat","count":4},{"expected":"Cow","actual":"Cow","count":1},{"expected":"Ox","actual":"Cow","count":1},{"expected":"Cow","actual":"Dog","count":1},{"expected":"Dog","actual":"Dog","count":1},{"expected":"Human","actual":"Dog","count":1},{"expected":"Elephant","actual":"Elephant","count":2},{"expected":"Monkey","actual":"Elephant","count":1},{"expected":"Fish","actual":"Fish","count":1},{"expected":"Goat","actual":"Goat","count":2},{"expected":"Horse","actual":"Horse","count":2},{"expected":"Human","actual":"Human","count":5},{"expected":"Lion","actual":"Lion","count":2},{"expected":"Monkey","actual":"Monkey","count":2},{"expected":"Mouse","actual":"Mouse","count":2},{"expected":"Rabbit","actual":"Rabbit","count":1},{"expected":"Snake","actual":"Snake","count":1}],"statsByLabel":{"Human":{"count":5,"precisionRecall":{"success":{"recall":1,"precision":0.83333333333333337}}},"Bird":{"count":3,"precisionRecall":{"success":{"recall":1,"precision":1}}},"Goat":{"count":2,"precisionRecall":{"success":{"recall":1,"precision":1}}},"Monkey":{"count":2,"precisionRecall":{"success":{"recall":1,"precision":0.66666666666666663}}},"Elephant":{"count":3,"precisionRecall":{"success":{"recall":0.66666666666666663,"precision":1}}},"Horse":{"count":2,"precisionRecall":{"success":{"recall":1,"precision":1}}},"Fish":{"count":1,"precisionRecall":{"success":{"recall":1,"precision":1}}},"Snake":{"count":1,"precisionRecall":{"success":{"recall":1,"precision":1}}},"Mouse":{"count":2,"precisionRecall":{"success":{"recall":1,"precision":1}}},"Lion":{"count":2,"precisionRecall":{"success":{"recall":1,"precision":1}}},"Ox":{"count":0,"precisionRecall":{"success":{"recall":0,"precision":0}}},"Cat":{"count":4,"precisionRecall":{"success":{"recall":1,"precision":1}}},"Rabbit":{"count":1,"precisionRecall":{"success":{"recall":1,"precision":1}}},"Dog":{"count":3,"precisionRecall":{"success":{"recall":0.33333333333333331,"precision":1}}},"Cow":{"count":2,"precisionRecall":{"success":{"recall":0.5,"precision":0.5}}}},"accuracy":0.87878787878787878}},"id":"4b2515e6-4bfe-4a45-930c-ab6de3686450","createdDate":"2021-12-20T10:11:18Z","dataResult":{"createdDate":"2021-12-20T10:11:18Z"},"analysedDataType":"auto"},"evaluationEntities":[{"result":{"imageClassifier":{"statsByLabel":{"Cow":{"count":5,"precisionRecall":{"success":{"recall":0.80000000000000004,"precision":0.80000000000000004}}},"Human":{"count":5,"precisionRecall":{"success":{"recall":1,"precision":1}}},"Bird":{"count":5,"precisionRecall":{"success":{"recall":1,"precision":0.7142857142857143}}},"Goat":{"count":5,"precisionRecall":{"success":{"recall":1,"precision":0.83333333333333337}}},"Monkey":{"count":5,"precisionRecall":{"success":{"recall":1,"precision":1}}},"Elephant":{"count":5,"precisionRecall":{"success":{"recall":1,"precision":1}}},"Horse":{"count":5,"precisionRecall":{"success":{"recall":1,"precision":1}}},"Fish":{"count":5,"precisionRecall":{"success":{"recall":1,"precision":1}}},"Chicken":{"count":5,"precisionRecall":{"success":{"recall":0.80000000000000004,"precision":0.80000000000000004}}},"Snake":{"count":5,"precisionRecall":{"success":{"recall":1,"precision":1}}},"Mouse":{"count":5,"precisionRecall":{"success":{"recall":1,"precision":0.83333333333333337}}},"Lion":{"count":5,"precisionRecall":{"success":{"recall":1,"precision":0.83333333333333337}}},"Ox":{"count":5,"precisionRecall":{"success":{"recall":1,"precision":0.83333333333333337}}},"Cat":{"count":5,"precisionRecall":{"success":{"recall":0.40000000000000002,"precision":1}}},"Pig":{"count":5,"precisionRecall":{"success":{"recall":0.59999999999999998,"precision":1}}},"Dog":{"count":5,"precisionRecall":{"success":{"recall":0.80000000000000004,"precision":1}}},"Rabbit":{"count":5,"precisionRecall":{"success":{"recall":1,"precision":1}}}},"accuracy":0.90588235294117647}},"createdDate":"2021-12-20T10:11:29Z","id":"6f1c14bc-fa54-4456-af59-4746894bbf8a","dataURL":"file:\/\/\/Users\/marlin\/Desktop\/Testing%20Data\/","dataSourceID":"3E22ECDE-5B50-4107-864D-F7AC52516867","dataResult":{"itemsCount":85,"createdDate":"2021-12-20T10:11:29Z","dataURL":"file:\/\/\/Users\/marlin\/Desktop\/Testing%20Data\/","dataSourceID":"3E22ECDE-5B50-4107-864D-F7AC52516867","classesCount":17,"analysis":{"summary":{"sampleCount":85,"classCount":17,"canUseValidation":1},"issues":[{"description":"17 classes found, including Cow, Cat, Goat","severity":"debug"},{"description":"85 images found, automatically creating validation set","severity":"good"},{"description":"Smallest class is \"Chicken\" with 5 images","severity":"debug"},{"description":"Largest class is \"Cow\" with 5 images","severity":"debug"}],"classifierAnalysis":{"labelStats":{"Cow":5,"Human":5,"Bird":5,"Goat":5,"Monkey":5,"Elephant":5,"Horse":5,"Fish":5,"Chicken":5,"Snake":5,"Mouse":5,"Ox":5,"Lion":5,"Cat":5,"Pig":5,"Dog":5,"Rabbit":5}}}},"analysedDataType":"datasource","accuracy":0.90588235294117647,"startTime":"2021-12-20T10:11:57Z","finishTime":"2021-12-20T10:12:00Z"}]},"evaluationEntities":[],"activityEntities":["evaluationStarted",[{"id":"8D1AC247-2B3D-4E7A-9B3C-4D4D96D6D34C","title":"Testing Started","createdDate":"2021-12-20T10:11:57Z","event":"evaluationStarted","subtitle":"SpeciesClassificationApp 1"}],"trainingDataAdded",[{"id":"8FA25496-06B6-4631-81F2-B1FB6E6A5692","title":"Training Data Added","createdDate":"2021-12-20T10:11:25Z","event":"trainingDataAdded","subtitle":"Training Data"}],"trainingStarted",[{"id":"E3475BD9-10B2-4935-8552-58C4444E6F11","title":"Training Started","createdDate":"2021-12-20T10:11:31Z","event":"trainingStarted","subtitle":"25 iterations"}],"trainingFinished",[{"id":"4991FE6A-5898-490B-9644-A746ACF57E05","title":"Training Completed","createdDate":"2021-12-20T10:11:55Z","event":"trainingFinished","subtitle":"Model converged at 24 iterations"}],"evaluationFinished",[{"id":"E48A0103-EC89-473A-B848-A450F6E65283","title":"Testing Completed","createdDate":"2021-12-20T10:12:00Z","event":"evaluationFinished","subtitle":"SpeciesClassificationApp 1"}],"experimentCreated",[{"id":"1CA69BC4-8FA1-4EFA-ACAF-48B21483A9F8","title":"Model Source Created","createdDate":"2021-12-20T10:11:18Z","event":"experimentCreated","subtitle":"SpeciesClassificationApp 1"}]],"title":"SpeciesClassificationApp 1","evaluationEntity":{"id":"1b72ab7a-40bb-4acc-8ad5-c82033f3e430","createdDate":"2021-12-20T10:11:18Z","dataResult":{"createdDate":"2021-12-20T10:11:18Z"},"analysedDataType":"none"},"evaluationState":"evaluated","snapshotRole":{"withoutSnapshots":0},"modifiedDate":"2021-12-20T10:12:00Z","contentDataResult":{"createdDate":"2021-12-20T10:11:18Z"},"preferredFilename":"SpeciesClassificationApp 1"}