{"dataURL":"file:\/\/\/Users\/marlin\/Desktop\/Training%20Data\/","id":"009A825E-A2AD-4DAF-A8A7-7EFE26713B35","createdDate":"2021-12-20T10:11:25Z","title":"Training Data","modifiedDate":"2021-12-20T10:11:31Z","preferredFilename":"Training Data","version":"1.0","dataResult":{"dataURL":"file:\/\/\/Users\/marlin\/Desktop\/Training%20Data\/","createdDate":"2021-12-20T10:11:25Z","dataSourceID":"009A825E-A2AD-4DAF-A8A7-7EFE26713B35"},"activityEntities":["dataSourceMetrics",[{"id":"122555FD-2E7E-4ADC-9E52-38250D26A7B4","title":"Data Summary","createdDate":"2021-12-20T10:11:31Z","event":"dataSourceMetrics","subtitle":"17 Classes, 510 Items"}],"dataSourceCreated",[{"id":"12DCD0A1-54F6-46D6-9BB3-BCA04F25574F","title":"Data Source Created","createdDate":"2021-12-20T10:11:25Z","event":"dataSourceCreated","subtitle":"Training Data"}],"dataSourceTrainingStarted",[{"id":"8C55FF76-DCC3-4B14-B560-31B7A635908C","title":"Used By","createdDate":"2021-12-20T10:11:31Z","event":"dataSourceTrainingStarted","subtitle":"SpeciesClassificationApp 1"}]],"pathType":0,"experimentIDs":["A6B7CDD0-8AA9-4E02-B15B-EF06FDB2C571"]}